<?xml version="1.0"?>
<!DOCTYPE html PUBLIC "-//W3C//DTD XHTML 1.0 Strict//EN" "http://www.w3.org/TR/xhtml1/DTD/xhtml1-strict.dtd">
<html xmlns="http://www.w3.org/1999/xhtml" xml:lang="en" lang="en">
<head>
  <title>CardBoardFish SMSClient API - PHP Documentation</title>
  <style type="text/css">
    body {
        font-family: sans-serif;
    }
    h1 {
        color: #30C;
    }
    h3 {
        color: #30C;
    }
    .code {
        background-color: #CCC;
        padding: 2em;
        margin-left: 5em;
        margin-right: 15em;
        font-family: monospace;
    }
    div.code p {
        margin-top: 0;
        margin-bottom: 0;
    }
    .copy {
        font-size: small;
    }
  </style>
</head>
<body>
<h1>CardBoardFish SMSClient API - PHP Documentation</h1>
<h2>Introduction</h2>
<p>This API is a set of functions and classes for interacting with the CardBoardFish HTTPSMS servers. It has been designed to simplify the writing of PHP scripts which require access to this functionality. It can be used to send messages to multiple destinations, and is flexible enough to accommodate different encodings if required. It was developed using PHP4, and requires libcURL, which is often installed be default.</p>
<p>This API consists of three scripts with the following functionality:</p>
  <ul>
    <li>SMSClient.php - For sending SMS messages, including ringtones, operator logos etc.</li>
    <li>IncomingFormat.php - For processing delivery receipt and incoming SMS information from the HTTPSMS server.</li>
    <li>ClientPolled.php - For polling the HTTPSMS server for new delivery receipts.</li>
  </ul>
<h2>Installation</h2>
<p>Place the files somewhere your PHP script will be able to find it; the same directory as your script is often a good choice, unless you plan to use it in several different scripts. To use the API, include these lines in your file:</p>
<div class="code">
require_once("SMSClient.php");<br />
require_once("IncomingFormat.php");<br />
require_once("ClientPolled.php");<br />
<br />
$sms_username = "your username";<br />
$sms_password = "your password";<br />
</div>
<p>You only need to include the scripts for the functionality you need.</p>
<p>To send messages, there are three functions you can call. The most common will probably be <code><a href="#send_sms">send_sms</a></code>. All functions will return <b><code>FALSE</code></b> on failure, having set an error message in the global value <code>$errstr</code>. If you do not check for these errors, the library may exhibit erratic behaviour.</p>
<h2>Table of contents</h2>
<ul>
    <li><a href="#send_sms">send_sms</a></li>
    <li><a href="#send_sms_full">send_sms_full</a></li>
    <li><a href="#send_sms_object">send_sms_object</a></li>
    <li><a href="#sms">The SMS class</a></li>
    <li><a href="#if">Incoming Format</a></li>
    <li><a href="#poll">Client polling</a></li>
</ul>
<hr />
<h2>send_sms<a id="send_sms" /></h2>
<h3>Synopsis</h3>
<p>array <b>send_sms</b> ( string $destinations, string $source, string $message )</p>
<p>Send a basic SMS message.</p>
<h3>Parameters</h3>
<dl>
<dt><code>destinations</code></dt>
<dd>A comma-separated list of phone numbers to send the message to.</dd>
<dt><code>source</code></dt>
<dd>An identifier for the source of the message, either a number or a name.</dd>
<dt><code>message</code></dt>
<dd>The message you want to send.</dd>
</dl>
<h3>Return values</h3>
<p>This function will return an array of message identifiers. Each identifier will correspond positionally to a destination in your input list.</p>
<p>If an error occurs, the function will return <code><b>FALSE</b></code>, and set the global <code>$errstr</code> to indicate the problem.</p>
<h3>Examples</h3>
<div class="code">
    <p>$replies = send_sms("44123456789","SMS_Service", "This is a message from me.") or die ("Error: " . $errstr . "\n");</p>
</div>
<div class="code">
    <p>$replies = send_sms("44123456789,44987654321,44214365870","SMS_Service", "This is a message from me.") or die ("Error: " . $errstr . "\n");</p>
</div>
<hr />
<h2>send_sms_full<a id="send_sms_full" /></h2>
<h3>Synopsis</h3>
<p>array <b>send_sms_full</b> ( string $destinations, string $source, string $message, string $source_type, string $data_coding_scheme, string $delivery_receipt, string $user_data_header, string $user_reference, string $validity_period, string $delay_until, string $local_time)</p>
<p>Send a (possibly) fully specified SMS message. Many fields can be given "" (the empty string) if they are to be left as their defaults.</p>
<h3>Parameters</h3>
<dl>
<dt><code>destinations</code></dt>
<dd>A comma-separated list of phone numbers to send the message to.</dd>
<dt><code>source</code></dt>
<dd>An identifier for the source of the message, either a number or a name.</dd>
<dt><code>message</code></dt>
<dd>The message you want to send.</dd>
<dt><code>source_type</code></dt>
<dd>The source type of the number. Must be one of:
  <ul>
    <li>0 - national numeric</li>
    <li>1 - international numeric</li>
    <li>5 - alphanumeric</li>
  </ul>
</dd>
<dt><code>data_coding_scheme</code></dt>
<dd>The encoding scheme used to represent the data in the message. Must be one of:
  <ul>
    <li>0 - Flash</li>
    <li>1 - Normal (default)</li>
    <li>2 - Binary</li>
    <li>4 - UCS2</li>
    <li>5 - Flash UCS2</li>
    <li>6 - Flash GSM</li>
    <li>7 - Normal GSM</li>
  </ul>
  Flash and normal messages will be converted to the respective GSM forms before sending.
</dd>
<dt><code>delivery_receipt</code></dt>
<dd>Sets the field for requesting a delivery receipt. Must be one of:
  <ul>
    <li>0 - No (default)</li>
    <li>1 - Yes</li>
    <li>2 - Record only</li>
  </ul>
</dd>
<dt><code>userheaderdata</code></dt>
<dd>User data header, in hex.</dd>
<dt><code>user_reference</code></dt>
<dd>A unique user reference, supplied to aid with matching delivery receipts. Maximum 16 characters.</dd>
<dt><code>validity_period</code></dt>
<dd>The number of minutes to keep attempting delivery before the message expires. The default value is 1440; the maximum is 10080.</dd>
<dt><code>delay_until</code></dt>
<dd>Deliver at a later time, as specified in this field by a 10 digit UCS timestamp.</dd>
<dt><code>local_time</code></dt>
<dd>The current local time as a 10 digit UCS timestamp.</dd>
</dl>
<h3>Return values</h3>
<p>This function will return an array of message identifiers. Each identifier will correspond positionally to a destination in your input list.</p>
<p>If an error occurs, the function will return <code><b>FALSE</b></code>, and set the global <code>$errstr</code> to indicate the problem.</p>
<h3>Examples</h3>
<div class="code">
    <p>$replies = send_sms("44123456789","SMS_Service", "This is another message from me.", "5", "", "1", "021436587", "", "1234567895", "1234567890") or die ("Error: " . $errstr . "\n");</p>
</div>
<div class="code">
    <p>$replies = send_sms("44123456789,44987654321","44214365879", "This is another message from me.", "", "", "", "", "", "", "") or die ("Error: " . $errstr . "\n");</p>
</div>
<hr />
<h2>send_sms_object<a id="send_sms_object" /></h2>
<h3>Synopsis</h3>
<p>array <b>send_sms_object</b> ( SMS $message )</p>
<p>Send an SMS message represented by an instance of <a href="#sms">the SMS class</a>.</p>
<h3>Parameters</h3>
<dl>
<dt><code>message</code></dt>
<dd>A fully configured SMS object.</dd>
</dl>
<h3>Return values</h3>
<p>This function will return an array of message identifiers. Each identifier will correspond positionally to a destination in the object.</p>
<p>If an error occurs, the function will return <code><b>FALSE</b></code>.</p>
<h3>Examples</h3>
<div class="code">
    <p>$sms1 = new SMS("44123456789","SMS_Service", "This is another message from me.", "1", "", "1", "021436587", "", "1234567895", "1234567890") or die ("Error: " . $errstr . "\n");</p>
    <p>$replies = send_sms_object($sms1) or die ("Error: " . $errstr . "\n");</p>
</div>
<div class="code">
    <p>$sms2 = new SMS;</p>
    <p>$sms2->setDA("44123456789,44987654321");</p>
    <p>$sms2->setSA("SMS_Service");</p>
    <p>$sms2->setMSG("This is a message I set manually on an object.");</p>
    <p>$replies = send_sms_object($sms2) or die ("Error: " . $errstr . "\n");</p>
</div>
<hr />
<h2>The SMS class<a id="sms" /></h2>
<h3>Constructor</h3>
<p><b>SMS</b> ( string $destinations, string $source, string $message, string $source_type, string $data_coding_scheme, string $delivery_receipt, string $user_data_header, string $user_reference, string $validity_period, string $delay_until, string $local_time )</p>
<dl>
<dt><code>destinations</code></dt>
<dd>A comma-separated list of phone numbers to send the message to. Maximum of 10 numbers.</dd>
<dt><code>source</code></dt>
<dd>An identifier for the source of the message, either a number or a name.</dd>
<dt><code>message</code></dt>
<dd>The message you want to send.</dd>
<dt><code>source_type</code></dt>
<dd>The source type of the number. Must be one of:
  <ul>
    <li>0 - national numeric</li>
    <li>1 - international numeric</li>
    <li>5 - alphanumeric</li>
  </ul>
</dd>
<dt><code>data_coding_scheme</code></dt>
<dd>The encoding scheme used to represent the data in the message. Must be one of:
  <ul>
    <li>0 - Flash</li>
    <li>1 - Normal (default)</li>
    <li>2 - Binary</li>
    <li>4 - UCS2</li>
    <li>5 - Flash UCS2</li>
    <li>6 - Flash GSM</li>
    <li>7 - Normal GSM</li>
  </ul>
  Flash and normal messages will be converted to the respective GSM forms before sending.
</dd>
<dt><code>delivery_receipt</code></dt>
<dd>Sets the field for requesting a delivery receipt. Must be one of:
  <ul>
    <li>0 - No (default)</li>
    <li>1 - Yes</li>
    <li>2 - Record only</li>
  </ul>
</dd>
<dt><code>userheaderdata</code></dt>
<dd>User data header, in hex.</dd>
<dt><code>user_reference</code></dt>
<dd>A unique user reference, supplied to aid with matching delivery receipts. Maximum 16 characters.</dd>
<dt><code>validity_period</code></dt>
<dd>The number of minutes to keep attempting delivery before the message expires. The default value is 1440; the maximum is 10080.</dd>
<dt><code>delay_until</code></dt>
<dd>Deliver at a later time, as specified in this field by a 10 digit UCS timestamp.</dd>
<dt><code>local_time</code></dt>
<dd>The current local time as a 10 digit UCS timestamp.</dd>
</dl>
<h3>Methods</h3>
<dl>
<dt>setDA*</dt>
<dd>Sets the destination addresses.</dd>
<dt>setSA*</dt>
<dd>Sets the source address.</dd>
<dt>setMSG*</dt>
<dd>Sets the message.</dd>
<dt>setST</dt>
<dd>Sets the source type of the number.</dd>
<dt>setDC</dt>
<dd>Sets the data coding scheme.</dd>
<dt>setDR</dt>
<dd>Sets the delivery receipt request field.</dd>
<dt>setUD</dt>
<dd>Sets the user data header.</dd>
<dt>setUR</dt>
<dd>Sets the user reference.</dd>
<dt>setDU</dt>
<dd>Sets the time at which to send the message.</dd>
<dt>setLT</dt>
<dd>Specifies the local time.</dd>
</dl>
<p>All these methods validate their input. If the input fails to validate, they will return <b><code>FALSE</code></b>, and set the global <code>$errstr</code> to indicate the problem.</p><p>The methods above marked * indicate the fields which must be specified before a message can be sent. For all other fields, sensible defaults can be used. To reset one of these fields to a default or sensible value, simply call the mutator with an empty string (<code>""</code>).</p>
<hr />
<h2>Incoming format<a id="if" /></h2>
<p>This API also includes a function for processing delivery receipt information. If you call the function <code>processIncoming</code> on the input from the server, you will receive an array of arrays. Each element of the array represents a field, and each entire array represents either an incoming SMS or a delivery receipt. To find out more about the information in the returned array of arrays, pass it to <code>determineType</code>. This will print the fields and appropriate labels to the standard output.</p>
<div class="code">
  <p>
    $responses = processIncoming($server_string);
    determineType($responses);
  </p>
</div>
<hr />
<h2>Client polling<a id="poll" /></h2>
<p>If your program needs to request delivery receipt information from the server, include <code>ClientPolled.php</code>. This will provide a function <code>poll</code> which when called will return an array of delivery receipt information passed through the <code>processIncoming</code> function. It can therefore also be given to <code>determineType</code> to print out the field labels and data.</p>
<div class="code">
  <p>
    $responses = poll();
    determineType($responses);
  </p>
</div>
<hr />
<p class="copy">Copyright &copy; 2007 CardBoardFish NextGen Mobile Ltd.</p>
</body>
</html>
